number,authors,year,title,journal,volume_pages,doi,note
1,"Amend, J. P., D. A. R. Meyer-Dombard, [S. N. Sheth](self), N. Zolotova, and A. C. Amend",2003,"\textit{Palaeococcus helgesonii} sp. nov., a facultatively anaerobic, hyperthermophilic archaeon from a geothermal well on Vulcano Island, Italy",Archives of Microbiology,179: 394-401,https://doi.org/10.1007/s00203-003-0542-7,
2,"[Sheth, S. N.](self), L. G. Lohmann, T. Consiglio, and I. Jim\'enez",2008,Effects of detectability on estimates of geographic range size in Bignonieae,Conservation Biology,22: 200-211,https://doi.org/10.1111/j.1523-1739.2007.00858.x,
3,"[Sheth, S. N.](self), B. A. Loiselle, and J. G. Blake",2009,Phylogenetic constraints on fine-scale patterns of habitat use by eight primate species in eastern Ecuador,Journal of Tropical Ecology,25: 571-582,https://doi.org/10.1017/S0266467409990216,
4,"Angert, A. L., [S. N. Sheth](self), and J. R. Paul",2011,Incorporating population-level variation in thermal performance into predictions of geographic range shifts,Integrative and Comparative Biology,51: 733-750,https://doi.org/10.1093/icb/icr048,
5,"Paul, J. R., [S. N. Sheth](self), and A. L. Angert",2011,Quantifying the impact of gene flow on phenotype-environment mismatch: a demonstration with the scarlet monkeyflower \textit{Mimulus cardinalis},American Naturalist,178: S62-S79,https://doi.org/10.1086/661781,
6,"[Sheth, S. N.](self), L. G. Lohmann, T. Distler, and I. Jim\'enez",2012,Understanding bias in geographic range size estimates,Global Ecology and Biogeography,21: 732-742,https://doi.org/10.1111/j.1466-8238.2011.00716.x,
7,"[Sheth, S. N.](self), I. Jim\'enez, and A. L. Angert",2014,Identifying the paths leading to variation in geographical range size in western North American monkeyflowers,Journal of Biogeography,41: 2344-2356,https://doi.org/10.1111/jbi.12378,
8,"[Sheth, S. N.](self) and A. L. Angert",2014,The evolution of environmental tolerance and range size: a comparison of geographically restricted and widespread \textit{Mimulus},Evolution,68: 2917-2931,https://doi.org/10.1111/evo.12494,
9,"[Sheth, S. N.](self) and A. L. Angert",2016,Artificial selection reveals high genetic variation in phenology at the trailing edge of a species range,The American Naturalist,187: 182-193,https://doi.org/10.1086/684440,American Naturalist 2016 Student Paper Award
10,"Angert, A. L., M. Bayly, [S. N. Sheth](self), and J. R. Paul",2018,Testing range-limit hypotheses using range-wide habitat suitability and occupancy for the scarlet monkeyflower (\textit{Erythranthe cardinalis}),The American Naturalist,191: E76-E89,https://doi.org/10.1086/695984,
11,"Morueta-Holme, N., M. F. Oldfather, R. L. Olliff-Yang, A. P. Weitz, C. R. Levine, M. M. Kling, E. C. Riordan, C. Merow, [S. N. Sheth](self), A. H. Thornhill, and D. D. Ackerly",2018,The language of climate change: best practices in research and publication,Nature Climate Change,8: 92-94,https://doi.org/10.1038/s41558-017-0060-2,
12,"Pain, R. E., R. G. Shaw, and [S. N. Sheth](self)",2018,Costs associated with N-fixing rhizobia early in the life of partridge pea \textit{Chamaecrista fasciculata},American Journal of Botany,105: 796-802,https://doi.org/10.1002/ajb2.1077,
13,"[Sheth, S. N.](self) and A. L. Angert",2018,Demographic compensation does not rescue populations at a trailing range edge,Proceedings of the National Academy of Sciences (USA),115: 2413-2418,https://doi.org/10.1073/pnas.1715899115,
14,"[Sheth, S. N.](self), M. W. Kulbaba, R. E. Pain, and R. G. Shaw",2018,Expression of additive genetic variance for fitness in a population of partridge pea in two field sites,Evolution,72: 2537-2545,https://doi.org/10.1111/evo.13614,
15,"Kulbaba, M. W., [S. N. Sheth](self), R. E. Pain, V. M. Eckhart, and R. G. Shaw",2019,Additive genetic variance for lifetime fitness and the capacity for adaptation in the wild,Evolution,73: 1746-1758,https://doi.org/10.1111/evo.13830,
16,"Lowry, D. B., J. M. Sobel, A. L. Angert, T-L. Ashman, R. L. Baker, B. K. Blackman, Y. Brandvain, K. J. R. P. Byers, A. M. Cooley, J. M. Coughlan, M. R. Dudash, C. B. Fenster, K. G. Ferris, L. Fishman, J. Friedman, D. L. Grossenbacher, L. M. Holeski, C. T. Ivey, K. M. Kay, V. A. Koelling, N. J. Kooyers, C. J. Murren, C. D. Muir, T. C. Nelson, M. L. Peterson, J. R. Puzey, M. C. Rotter, J. R. Seeman, J. P. Sexton, [S. N. Sheth](self), M. A. Streisfeld, A. L. Sweigart, A. D. Twyford, M. Vallejo-Marin, J. H. Willis, C. A. Wu, and Y. W. Yuan",2019,The case for the continued use of the genus name \textit{Mimulus} for all monkeyflowers,Taxon,68: 617-623,https://doi.org/10.1002/tax.12122,
17,"Briscoe Runquist, R. D., A. J. Gorton, J. B. Yoder, N. J. Deacon, J. J. Grossman, S. A. Kothari, M. P. Lyons, [S. N. Sheth](self), P. Tiffin, and D. A. Moeller",2020,Context dependence of local adaptation to abiotic and biotic environments: a quantitative and qualitative synthesis,The American Naturalist,195: 412-431,https://doi.org/10.1086/707322,
18,"Oldfather, M. F., M. M. Kling, [S. N. Sheth](self), N. C. Emery, and D. D. Ackerly",2020,Range edges in heterogeneous landscapes: integrating geographic scale and climate complexity into range dynamics,Global Change Biology,26: 1055-1067,https://doi.org/10.1111/gcb.14897,
19,"[Sheth, S. N.](self), N. Morueta-Holme, and A. L. Angert",2020,Determinants of geographic range size in plants,New Phytologist,226: 650-665,https://doi.org/10.1111/nph.16406,
20,"Smithers, B. V., M. F. Oldfather, M. J. Koontz, J. Bishop, C. Bishop, J. Nachlinger, and [S. N. Sheth](self)",2020,Community turnover by composition and climate affinity across scales in an alpine system,American Journal of Botany,107: 239-249,https://doi.org/10.1002/ajb2.1376,
21,"[Vtipil, E. E.](u,g) and [S. N. Sheth](self)",2020,A resurrection study reveals limited evolution of phenology in response to recent climate change across the geographic range of the scarlet monkeyflower,Ecology and Evolution,10: 14165-14177,https://doi.org/10.1002/ece3.7011,
22,"[Wooliver, R.](p), S. B. Tittes, and [S. N. Sheth](self)",2020,A resurrection study reveals limited evolution of thermal performance in response to recent climate change across the geographic range of the scarlet monkeyflower,Evolution,74: 1699-1710,https://doi.org/10.1111/evo.14041,
23,"Barley, J. M., B. S. Cheng, M. Sasaki, S. Gignoux-Wolfsohn, C. G. Hays, A. B. Putnam, [S. N. Sheth](self), A. R. Villeneuve, and M. W. Kelly",2021,Limited plasticity in thermally tolerant ectotherm populations: evidence for a trade-off,Proceedings of the Royal Society B,288: 20210765,https://doi.org/10.1098/rspb.2021.0765,
24,"[Coughlin, A. O.](t), [R. Wooliver](p), and [S. N. Sheth](self)",2022,Populations of western North American monkeyflowers accrue niche breadth primarily via genotypic divergence in environmental optima,Ecology and Evolution,12: e9434,https://doi.org/10.1002/ece3.9434,
25,"Lee-Yaw, J. A., J. L. McCune, S. Pironon, and [S. N. Sheth](self)",2022,On the predictive value of species distribution models in population biology,Ecography,2022: e05877,https://doi.org/10.1111/ecog.05877,Runner-up for Ecography E4 Award
26,"Preston, J. C., [R. Wooliver](p), H. Driscoll, [A. Coughlin](t), and [S. N. Sheth](self)",2022,Spatial variation in high temperature-regulated gene expression predicts evolution of plasticity with climate change in the scarlet monkeyflower,Molecular Ecology,31: 1254-1268,https://doi.org/10.1111/mec.16300,
27,"[Querns, A.](g), [R. Wooliver](p), M. Vallejo-Mar\'in, and [S. N. Sheth](self)",2022,The evolution of thermal performance in native and invasive populations of \emph{Mimulus guttatus},Evolution Letters,6: 136-148,https://doi.org/10.1002/evl3.275,
28,"Sasaki, M., J. M. Barley, S. Gignoux-Wolfsohn, C. G. Hays, M. W. Kelly, A. B. Putnam, [S. N. Sheth](self), A. R. Villeneuve, and B. S. Cheng",2022,Greater evolutionary divergence of thermal limits within marine than terrestrial species,Nature Climate Change,12: 1205-1212,https://doi.org/10.1038/s41558-022-01534-y,
29,"Wadgymar, S. M., M. L. DeMarche, E. B. Josephs, [S. N. Sheth](self), and J. T. Anderson",2022,Local adaptation: causal agents of selection and adaptive trait divergence,"Annual Review of Ecology, Evolution, and Systematics",53: 87-111,https://doi.org/10.1146/annurev-ecolsys-012722-035231,
30,"[Wooliver, R.](p), [E. E. Vtipilthorpe](g), [A. M. Wiegmann](u), and [S. N. Sheth](self)",2022,A viewpoint on ecological and evolutionary study of plant thermal performance curves in a warming world,AoB Plants,14: plac016,https://doi.org/10.1093/aobpla/plac016,
31,"Cocciardi, J. M., A. M. Hoffman, D. F. Alvarado-Serrano, J. Anderson, M. Blumstein, E. L. Boehm, L. G. Bolin, I. T. Borokini, G. S. Bradburd, H. A. Branch, L. A. Brudvig, Y. Chen, S. L. Collins, D. L. Des Marais, D. Gamba, N. P. Hanan, M. M. Howard, J. Jaros, T. E. Juenger, N. J. Kooyers, E. J. Kottler, J. A. Lau, M. Menon, D. A. Moeller, T. J. Mozdzer, [S. N. Sheth](self), M. Smith, K. Toll, M. C. Ungerer, M. L. Vahsen, S. M. Wadgymar, A. Waananen, K. D. Whitney, and M. L. Avolio",2024,The value of long-term ecological research for evolutionary insights,Nature Ecology \& Evolution,8: 1584-1592,https://doi.org/10.1038/s41559-024-02464-y,
32,"Wadgymar, S. M., [S. N. Sheth](self), E. B. Josephs, M. L. DeMarche, and J. T. Anderson",2024,Defining fitness in evolutionary ecology,International Journal of Plant Sciences,185: 218-227,https://doi.org/10.1086/729360,
33,"Evans, M. E. K., P. B. Adler, A. L. Angert, S. M. N. Dey, M. P. Girardin, K. A. Heilman, S. Klesse, D. L. Perret, D. F. Sax, [S. N. Sheth](self), M. Stemkovski, and J. L. Williams",2025,Reconsidering space-for-time substitution in climate change ecology,Nature Climate Change,15: 809-812,https://doi.org/10.1038/s41558-025-02392-0,
34,"[Goff, K. A.](g), M. F. Oldfather, J. Nachlinger, B. V. Smithers, M. J. Koontz, J. Bishop, C. Bishop, M. T. Burke, and [S. N. Sheth](self)",2025,Limited directional change in mountaintop plant communities over 19 years in western North America,Ecosphere,16: e70197,https://doi.org/10.1002/ecs2.70197,
35,"Kooyers, N. J., J. T. Anderson, A. L. Angert, M. L. Avolio, D. R. Campbell, M. Exposito-Alonso, T. E. Juenger, D. A. Moeller, J. D. Napier, and [S. N. Sheth](self)",2025,Responses to climate change -- insights and limitations from herbaceous plant model species,New Phytologist,248: 461-493,https://doi.org/10.1111/nph.70468,
36,"Wilborn-Pilotte, O., E. Cook, K. Kutella, [S. N. Sheth](self), and J. Diez",2025,Evolution of floral traits and mating systems under drought: a range-wide study of \emph{Mimulus cardinalis},AoB Plants,17: plaf062,https://doi.org/10.1093/aobpla/plaf062,
37,"Williams, J. L., A. L. Angert, A. Compagnoni, A. Campbell, M. L. DeMarche, M. E. K. Evans, J. C. Fowler, E. J. Gonz\'alez, A. M. Iler, J. A. Loesberg, A. M. Louthan, A. B. Martin, J. K. Moutouama, S. W. Nordstrom, W. K. Petry, B. Sen, [S. N. Sheth](self), and T. E. X. Miller",2025,Linking climate and demography to predict population dynamics and persistence under global change,Ecology Letters,28: e70283,https://doi.org/10.1111/ele.70283,
38,"[Albano, L. J.](p), R. A. Bingham, [S. Correa](u), [C. G. Laufenberg](u), [C. Payst](u), C. D. Muir, and [S. N. Sheth](self)",2026,Rangewide responses of \emph{Mimulus cardinalis} to an extreme heat event,American Journal of Botany,113: e70145,https://doi.org/10.1002/ajb2.70145,
39,"Anstett, D. N., J. Anstett, [S. N. Sheth](self), D. R. Moxley, H. A. Branch, M. Jahani, K. Huang, M. Todesco, R. Jordan, J. M. Lazaro-Guevara, L. H. Rieseberg, and A. L. Angert",2026,Rapid evolution predicts demographic recovery after extreme drought,Science,391: 1172-1176,https://doi.org/10.1126/science.adu0995,
40,"Buckley, L. B., L. P. P. Braga, M. L. Pinsky, J. Resasco, [S. N. Sheth](self), A. J. Tanentzap, and L. Zoller",2026,Repeating historical studies to understand functional responses to environmental change,The American Naturalist,207: 125-134,https://doi.org/10.1086/738435,
41,"Cook, E., [L. J. Albano](p), X. Gomez-Vega, K. Kutella, [M. Moazed](t), M. Strebler, D. Wang, [S. N. Sheth](self), and J. Diez",2026,The evolution of plasticity in drought-related traits in central and edge populations of \emph{Mimulus cardinalis},Journal of Evolutionary Biology,voag068,https://doi.org/10.1093/jeb/voag068,
42,"Duran, L., N. Ramadoss, [S. N. Sheth](self), and L. Flores-Renter\'ia",2026,Investigating genetic spillage in a \emph{Mimulus cardinalis} (Syn. \emph{Erythranthe cardinalis}) common garden experiment,Ecology and Evolution,16: e74226,https://doi.org/10.1002/ece3.74226,
43,"[Pennington, L. K.](p), [S. N. Sheth](self), S. J. Franks, J. T. Anderson, and E. Hamann",2026,Two decades of resurrection studies: what have we learned about contemporary evolution of plant species?,American Journal of Botany,113: e70214,https://doi.org/10.1002/ajb2.70214,
44,"Shaw, R. G., C. J. Geyer, M. W. Kulbaba, [S. N. Sheth](self), V. M. Eckhart, and R. E. Pain",2026,Realization of ongoing evolutionary adaptation in the field,Evolution Letters,10: 315-325,https://doi.org/10.1093/evlett/qrag013,
45,"[Sheth, S. N.](self), [L. J. Albano](p), C. Blanchard, E. Cook, R. Diaz, X. Gomez-Vega, K. Kutella, [M. Moazed](t), M. Patel, J. Prange, N. Ramadoss, A. Regan, A. Riley, M. Rivas Hernandez, J. Rojas, M. Strebler, A. Verma, [L. Villano](t), J. Waits, D. Wang, O. Wilborn-Pilotte, J. Diez, L. Flores-Renter\'ia, J. Sexton, and C. D. Muir",2026,Evolutionary responses to historic drought across the range of scarlet monkeyflower,The American Naturalist,207: 135-155,https://doi.org/10.1086/738434,